--------------------------------------------------------
--  파일이 생성됨 - 월요일-3월-04-2019   
--------------------------------------------------------
--------------------------------------------------------
--  DDL for Table SCIM_ADMIN
--------------------------------------------------------

  CREATE TABLE "SCIM_ADMIN" 
   (	"ADMINID" VARCHAR2(50 CHAR), 
	"ADMINNAME" VARCHAR2(50 CHAR), 
	"ADMINTYPE" VARCHAR2(50 CHAR), 
	"PASSWD" VARCHAR2(256 CHAR), 
	"LOGINTIME" DATE, 
	"PWEXPIRETIME" DATE, 
	"ACTIVE" NUMBER(10,0) DEFAULT 1
   ) ;
--------------------------------------------------------
--  DDL for Table SCIM_AUDIT
--------------------------------------------------------

  CREATE TABLE "SCIM_AUDIT" 
   (	"WORKID" VARCHAR2(50 CHAR), 
	"WORKERID" VARCHAR2(50 CHAR), 
	"USERID" VARCHAR2(50 CHAR), 
	"SOURCESYSTEMID" VARCHAR2(50 CHAR), 
	"TARGETSYSTEMID" VARCHAR2(50 CHAR), 
	"METHOD" VARCHAR2(50 CHAR), 
	"RESULT" VARCHAR2(50 CHAR), 
	"DETAIL" VARCHAR2(256 CHAR), 
	"WORKDATE" DATE, 
	"WORKERTYPE" VARCHAR2(50 CHAR), 
	"ACTION" VARCHAR2(50 CHAR)
   ) ;
--------------------------------------------------------
--  DDL for Table SCIM_DATA_DEFINITION
--------------------------------------------------------

  CREATE TABLE "SCIM_DATA_DEFINITION" 
   (	"DATAID" VARCHAR2(50 CHAR), 
	"DATANAME" VARCHAR2(50 CHAR), 
	"DATATYPE" VARCHAR2(50 CHAR), 
	"DATASIZE" VARCHAR2(50 CHAR), 
	"NULLABLE" VARCHAR2(50 CHAR), 
	"DATADEFAULT" VARCHAR2(50 CHAR), 
	"DESCRIPTION" VARCHAR2(50 CHAR)
   ) ;
--------------------------------------------------------
--  DDL for Table SCIM_SCHEDULER
--------------------------------------------------------

  CREATE TABLE "SCIM_SCHEDULER" 
   (	"SCHEDULERID" VARCHAR2(50 CHAR), 
	"SCHEDULERNAME" VARCHAR2(50 CHAR), 
	"SCHEDULERTYPE" VARCHAR2(50 CHAR), 
	"SCHEDULERDESC" VARCHAR2(50 CHAR), 
	"JOBCLASS" VARCHAR2(50 CHAR), 
	"TRIGGERTYPE" VARCHAR2(50 CHAR), 
	"DAYOFMONTH" NUMBER(10,0), 
	"DAYOFWEEK" NUMBER(10,0), 
	"HOUROFDAY" NUMBER(10,0), 
	"MINUTEOFHOUR" NUMBER(10,0), 
	"EXCUTESYSTEMID" VARCHAR2(50 CHAR), 
	"SOURCESYSTEMID" VARCHAR2(50 CHAR), 
	"TARGETSYSTEMID" VARCHAR2(50 CHAR), 
	"LASTEXECUTEDATE" DATE
   ) ;
--------------------------------------------------------
--  DDL for Table SCIM_SCHEDULER_HISTORY
--------------------------------------------------------

  CREATE TABLE "SCIM_SCHEDULER_HISTORY" 
   (	"SCHEDULERID" VARCHAR2(50 CHAR), 
	"WORKID" VARCHAR2(50 CHAR), 
	"WORKDATE" DATE, 
	"WORKERID" VARCHAR2(50 CHAR), 
	"SUCCESSCOUNT" NUMBER(10,0) DEFAULT 0, 
	"FAILCOUNT" NUMBER(10,0) DEFAULT 0
   ) ;
--------------------------------------------------------
--  DDL for Table SCIM_SYSTEM
--------------------------------------------------------

  CREATE TABLE "SCIM_SYSTEM" 
   (	"SYSTEMID" VARCHAR2(50 CHAR), 
	"SYSTEMNAME" VARCHAR2(50 CHAR), 
	"SYSTEMDESC" VARCHAR2(50 CHAR), 
	"SYSTEMURL" VARCHAR2(50 CHAR), 
	"SYSTEMTYPE" VARCHAR2(50 CHAR)
   ) ;
--------------------------------------------------------
--  DDL for Table SCIM_SYSTEM_ADMIN
--------------------------------------------------------

  CREATE TABLE "SCIM_SYSTEM_ADMIN" 
   (	"USERID" VARCHAR2(50 CHAR), 
	"SYSTEMID" VARCHAR2(50 CHAR), 
	"ROLE" VARCHAR2(50 CHAR)
   ) ;
--------------------------------------------------------
--  DDL for Table SCIM_SYSTEM_COLUMN
--------------------------------------------------------

  CREATE TABLE "SCIM_SYSTEM_COLUMN" 
   (	"SYSTEMID" VARCHAR2(50 CHAR), 
	"COLUMNNAME" VARCHAR2(50 CHAR), 
	"DISPLAYNAME" VARCHAR2(50 CHAR), 
	"DATATYPE" VARCHAR2(50 CHAR), 
	"DATASIZE" NUMBER(10,0), 
	"ALLOWNULL" NUMBER(10,0), 
	"DEFAULTVALUE" VARCHAR2(50 CHAR), 
	"COLUMNCOMMENT" VARCHAR2(50 CHAR), 
	"MAPPINGCOLUMN" VARCHAR2(50 CHAR)
   ) ;
--------------------------------------------------------
--  DDL for Table SCIM_SYSTEM_DATA_DEFINITION
--------------------------------------------------------

  CREATE TABLE "SCIM_SYSTEM_DATA_DEFINITION" 
   (	"SYSTEMID" VARCHAR2(50 CHAR), 
	"DATAID" VARCHAR2(50 CHAR), 
	"DATANAME" VARCHAR2(50 CHAR), 
	"DATATYPE" VARCHAR2(50 CHAR), 
	"DATASIZE" VARCHAR2(50 CHAR), 
	"NULLABLE" VARCHAR2(50 CHAR), 
	"DATADEFAULT" VARCHAR2(50 CHAR), 
	"DESCRIPTION" VARCHAR2(50 CHAR)
   ) ;
--------------------------------------------------------
--  DDL for Table SCIM_SYSTEM_USER
--------------------------------------------------------

  CREATE TABLE "SCIM_SYSTEM_USER" 
   (	"SYSTEMID" VARCHAR2(50 CHAR), 
	"USERID" VARCHAR2(50 CHAR), 
	"EXTERNALID" VARCHAR2(50 CHAR), 
	"USERNAME" VARCHAR2(50 CHAR), 
	"PASSWORD" VARCHAR2(50 CHAR), 
	"USERTYPE" VARCHAR2(50 CHAR), 
	"ACTIVE" NUMBER(10,0), 
	"CREATEDATE" DATE, 
	"MODIFYDATE" DATE, 
	"LASTACCESSDATE" DATE
   ) ;
--------------------------------------------------------
--  DDL for Table SCIM_SYSTEM_USER_PROFILE
--------------------------------------------------------

  CREATE TABLE "SCIM_SYSTEM_USER_PROFILE" 
   (	"SYSTEMID" VARCHAR2(50 CHAR), 
	"USERID" VARCHAR2(50 CHAR), 
	"PKEY" VARCHAR2(50 CHAR), 
	"PVALUE" VARCHAR2(50 CHAR), 
	"PVER" VARCHAR2(50 CHAR)
   ) ;
--------------------------------------------------------
--  DDL for Table SCIM_USER
--------------------------------------------------------

  CREATE TABLE "SCIM_USER" 
   (	"USERID" VARCHAR2(50 CHAR), 
	"USERNAME" VARCHAR2(50 CHAR), 
	"PASSWORD" VARCHAR2(50 CHAR), 
	"USERTYPE" VARCHAR2(50 CHAR), 
	"ACTIVE" NUMBER(10,0), 
	"CREATEDATE" DATE, 
	"MODIFYDATE" DATE, 
	"PWCHANGEDATE" DATE DEFAULT NULL
   ) ;
--------------------------------------------------------
--  DDL for Table SCIM_USER_PROFILE
--------------------------------------------------------

  CREATE TABLE "SCIM_USER_PROFILE" 
   (	"USERID" VARCHAR2(50 CHAR), 
	"PKEY" VARCHAR2(50 CHAR), 
	"PVALUE" VARCHAR2(50 CHAR), 
	"PVER" VARCHAR2(50 CHAR)
   ) ;
REM INSERTING into SCIM_ADMIN
SET DEFINE OFF;
Insert into SCIM_ADMIN (ADMINID,ADMINNAME,ADMINTYPE,PASSWD,LOGINTIME,PWEXPIRETIME,ACTIVE) values ('sys-admin','RELLY','OPERATOR',null,null,null,1);
Insert into SCIM_ADMIN (ADMINID,ADMINNAME,ADMINTYPE,PASSWD,LOGINTIME,PWEXPIRETIME,ACTIVE) values ('sys-operator','시스템 운영자','ADMIN','b2530fa79cf19802b1cc3e9d12a668a16b07f0debbcbf575a12b76c4daf81dca',to_date('19/03/04','RR/MM/DD'),to_date('18/12/03','RR/MM/DD'),1);
Insert into SCIM_ADMIN (ADMINID,ADMINNAME,ADMINTYPE,PASSWD,LOGINTIME,PWEXPIRETIME,ACTIVE) values ('sys-root-admin','SCIM ROOT ADMIN','SYS_ADMIN','ddfd02180e93ef081198e32b22f30d91dd5a10d159168641c2f21e7bba534f7b',to_date('19/02/27','RR/MM/DD'),to_date('18/11/29','RR/MM/DD'),1);

REM INSERTING into SCIM_SCHEDULER
SET DEFINE OFF;
Insert into SCIM_SCHEDULER (SCHEDULERID,SCHEDULERNAME,SCHEDULERTYPE,SCHEDULERDESC,JOBCLASS,TRIGGERTYPE,DAYOFMONTH,DAYOFWEEK,HOUROFDAY,MINUTEOFHOUR,EXCUTESYSTEMID,SOURCESYSTEMID,TARGETSYSTEMID,LASTEXECUTEDATE) values ('sch-pro-sso','SSO 계정 배포','PROVISION','계정 배포 (IM to SSO)','com.ehyundai.im.ProvisioningJob_SSO','DAY',null,null,1,12,'sys-scim-im','sys-scim-im','sys-scim-sso',null);
Insert into SCIM_SCHEDULER (SCHEDULERID,SCHEDULERNAME,SCHEDULERTYPE,SCHEDULERDESC,JOBCLASS,TRIGGERTYPE,DAYOFMONTH,DAYOFWEEK,HOUROFDAY,MINUTEOFHOUR,EXCUTESYSTEMID,SOURCESYSTEMID,TARGETSYSTEMID,LASTEXECUTEDATE) values ('sch-anl-sso','SSO 계정 분석','RESOUREC_ANLYSYS','SSO 사용자 계정을 분석한다.','com.ehyundai.im.ResourceAnalysisJob_SingleSignOn','WEEK',null,1,1,1,'sys-scim-im','sys-scim-sso','sys-scim-im',to_date('19/02/28','RR/MM/DD'));
Insert into SCIM_SCHEDULER (SCHEDULERID,SCHEDULERNAME,SCHEDULERTYPE,SCHEDULERDESC,JOBCLASS,TRIGGERTYPE,DAYOFMONTH,DAYOFWEEK,HOUROFDAY,MINUTEOFHOUR,EXCUTESYSTEMID,SOURCESYSTEMID,TARGETSYSTEMID,LASTEXECUTEDATE) values ('sch-sync-gw','GW 계정 동기화','RESOUREC_SYNC','그룹웨어의 사용자 계정을 IM 시스템으로 동기화 한다','com.ehyundai.im.ResourceSyncJob_Groupware','DAY',null,null,1,1,'sys=scim-im','sys-scim-gw','sys-scim-im',to_date('19/03/04','RR/MM/DD'));

REM INSERTING into SCIM_SYSTEM
SET DEFINE OFF;
Insert into SCIM_SYSTEM (SYSTEMID,SYSTEMNAME,SYSTEMDESC,SYSTEMURL,SYSTEMTYPE) values ('sys-scim-gw','그룹 웨어','현대 백화점 그룹웨어 시스템','http://127.0.0.1:5001','RESOURCE');
Insert into SCIM_SYSTEM (SYSTEMID,SYSTEMNAME,SYSTEMDESC,SYSTEMURL,SYSTEMTYPE) values ('sys-scim-im','통합계정','라온 시큐어 통합계정 시스템','http://127.0.0.1:5000','PROVIDER');
Insert into SCIM_SYSTEM (SYSTEMID,SYSTEMNAME,SYSTEMDESC,SYSTEMURL,SYSTEMTYPE) values ('sys-scim-sso','통합로그인','라온 시큐어 통합로그인 시스템','http://127.0.0.1:5003','CONSUMER');

REM INSERTING into SCIM_SYSTEM_COLUMN
SET DEFINE OFF;
Insert into SCIM_SYSTEM_COLUMN (SYSTEMID,COLUMNNAME,DISPLAYNAME,DATATYPE,DATASIZE,ALLOWNULL,DEFAULTVALUE,COLUMNCOMMENT,MAPPINGCOLUMN) values ('sys-scim-im','organization','회사 코드',null,0,0,null,null,null);
Insert into SCIM_SYSTEM_COLUMN (SYSTEMID,COLUMNNAME,DISPLAYNAME,DATATYPE,DATASIZE,ALLOWNULL,DEFAULTVALUE,COLUMNCOMMENT,MAPPINGCOLUMN) values ('sys-scim-im','division','부문 명',null,0,0,null,null,null);
Insert into SCIM_SYSTEM_COLUMN (SYSTEMID,COLUMNNAME,DISPLAYNAME,DATATYPE,DATASIZE,ALLOWNULL,DEFAULTVALUE,COLUMNCOMMENT,MAPPINGCOLUMN) values ('sys-scim-im','department','부서 명',null,0,0,null,null,null);
Insert into SCIM_SYSTEM_COLUMN (SYSTEMID,COLUMNNAME,DISPLAYNAME,DATATYPE,DATASIZE,ALLOWNULL,DEFAULTVALUE,COLUMNCOMMENT,MAPPINGCOLUMN) values ('sys-scim-im','employeeNumber','사원 번호',null,0,0,null,null,null);
Insert into SCIM_SYSTEM_COLUMN (SYSTEMID,COLUMNNAME,DISPLAYNAME,DATATYPE,DATASIZE,ALLOWNULL,DEFAULTVALUE,COLUMNCOMMENT,MAPPINGCOLUMN) values ('sys-scim-im','companyCode','회사 코드',null,0,0,null,null,null);
Insert into SCIM_SYSTEM_COLUMN (SYSTEMID,COLUMNNAME,DISPLAYNAME,DATATYPE,DATASIZE,ALLOWNULL,DEFAULTVALUE,COLUMNCOMMENT,MAPPINGCOLUMN) values ('sys-scim-im','groupCode','그룹 코드',null,0,0,null,null,null);
Insert into SCIM_SYSTEM_COLUMN (SYSTEMID,COLUMNNAME,DISPLAYNAME,DATATYPE,DATASIZE,ALLOWNULL,DEFAULTVALUE,COLUMNCOMMENT,MAPPINGCOLUMN) values ('sys-scim-im','groupName','그룹 명칭',null,0,0,null,null,null);
Insert into SCIM_SYSTEM_COLUMN (SYSTEMID,COLUMNNAME,DISPLAYNAME,DATATYPE,DATASIZE,ALLOWNULL,DEFAULTVALUE,COLUMNCOMMENT,MAPPINGCOLUMN) values ('sys-scim-im','positionCode','직위 코드',null,0,0,null,null,null);
Insert into SCIM_SYSTEM_COLUMN (SYSTEMID,COLUMNNAME,DISPLAYNAME,DATATYPE,DATASIZE,ALLOWNULL,DEFAULTVALUE,COLUMNCOMMENT,MAPPINGCOLUMN) values ('sys-scim-im','position','직위 명칭',null,0,0,null,null,null);
Insert into SCIM_SYSTEM_COLUMN (SYSTEMID,COLUMNNAME,DISPLAYNAME,DATATYPE,DATASIZE,ALLOWNULL,DEFAULTVALUE,COLUMNCOMMENT,MAPPINGCOLUMN) values ('sys-scim-im','jobCode','직책 코드',null,0,0,null,null,null);
Insert into SCIM_SYSTEM_COLUMN (SYSTEMID,COLUMNNAME,DISPLAYNAME,DATATYPE,DATASIZE,ALLOWNULL,DEFAULTVALUE,COLUMNCOMMENT,MAPPINGCOLUMN) values ('sys-scim-im','job','직책 코드',null,0,0,null,null,null);
Insert into SCIM_SYSTEM_COLUMN (SYSTEMID,COLUMNNAME,DISPLAYNAME,DATATYPE,DATASIZE,ALLOWNULL,DEFAULTVALUE,COLUMNCOMMENT,MAPPINGCOLUMN) values ('sys-scim-im','rankCode','직책 명칭',null,0,0,null,null,null);
Insert into SCIM_SYSTEM_COLUMN (SYSTEMID,COLUMNNAME,DISPLAYNAME,DATATYPE,DATASIZE,ALLOWNULL,DEFAULTVALUE,COLUMNCOMMENT,MAPPINGCOLUMN) values ('sys-scim-im','rank','직급 이름',null,0,0,null,null,null);
Insert into SCIM_SYSTEM_COLUMN (SYSTEMID,COLUMNNAME,DISPLAYNAME,DATATYPE,DATASIZE,ALLOWNULL,DEFAULTVALUE,COLUMNCOMMENT,MAPPINGCOLUMN) values ('sys-scim-im','job','직책 이름',null,0,0,null,null,null);
Insert into SCIM_SYSTEM_COLUMN (SYSTEMID,COLUMNNAME,DISPLAYNAME,DATATYPE,DATASIZE,ALLOWNULL,DEFAULTVALUE,COLUMNCOMMENT,MAPPINGCOLUMN) values ('sys-scim-im','joinDate','입사 일자',null,0,0,null,null,null);
Insert into SCIM_SYSTEM_COLUMN (SYSTEMID,COLUMNNAME,DISPLAYNAME,DATATYPE,DATASIZE,ALLOWNULL,DEFAULTVALUE,COLUMNCOMMENT,MAPPINGCOLUMN) values ('sys-scim-im','retireDate','퇴직 일자',null,0,0,null,null,null);
Insert into SCIM_SYSTEM_COLUMN (SYSTEMID,COLUMNNAME,DISPLAYNAME,DATATYPE,DATASIZE,ALLOWNULL,DEFAULTVALUE,COLUMNCOMMENT,MAPPINGCOLUMN) values ('sys-scim-im','lastAccessDate','최종 접속 일자',null,0,0,null,null,null);
Insert into SCIM_SYSTEM_COLUMN (SYSTEMID,COLUMNNAME,DISPLAYNAME,DATATYPE,DATASIZE,ALLOWNULL,DEFAULTVALUE,COLUMNCOMMENT,MAPPINGCOLUMN) values ('sys-scim-im','eMail','메일 주소',null,0,0,null,null,null);
Insert into SCIM_SYSTEM_COLUMN (SYSTEMID,COLUMNNAME,DISPLAYNAME,DATATYPE,DATASIZE,ALLOWNULL,DEFAULTVALUE,COLUMNCOMMENT,MAPPINGCOLUMN) values ('sys-scim-im','userName','사용자 이름',null,0,0,null,null,null);
Insert into SCIM_SYSTEM_COLUMN (SYSTEMID,COLUMNNAME,DISPLAYNAME,DATATYPE,DATASIZE,ALLOWNULL,DEFAULTVALUE,COLUMNCOMMENT,MAPPINGCOLUMN) values ('sys-scim-im','password','비밀번호',null,0,0,null,null,null);
Insert into SCIM_SYSTEM_COLUMN (SYSTEMID,COLUMNNAME,DISPLAYNAME,DATATYPE,DATASIZE,ALLOWNULL,DEFAULTVALUE,COLUMNCOMMENT,MAPPINGCOLUMN) values ('sys-scim-im','exernalId','외부 아이디',null,0,0,null,null,null);
Insert into SCIM_SYSTEM_COLUMN (SYSTEMID,COLUMNNAME,DISPLAYNAME,DATATYPE,DATASIZE,ALLOWNULL,DEFAULTVALUE,COLUMNCOMMENT,MAPPINGCOLUMN) values ('sys-scim-im','createDate','생성 일자',null,0,0,null,null,null);
Insert into SCIM_SYSTEM_COLUMN (SYSTEMID,COLUMNNAME,DISPLAYNAME,DATATYPE,DATASIZE,ALLOWNULL,DEFAULTVALUE,COLUMNCOMMENT,MAPPINGCOLUMN) values ('sys-scim-im','modifyDate','변경 일자',null,0,0,null,null,null);
Insert into SCIM_SYSTEM_COLUMN (SYSTEMID,COLUMNNAME,DISPLAYNAME,DATATYPE,DATASIZE,ALLOWNULL,DEFAULTVALUE,COLUMNCOMMENT,MAPPINGCOLUMN) values ('sys-scim-im','userId','사용자 ID',null,0,0,null,null,null);
Insert into SCIM_SYSTEM_COLUMN (SYSTEMID,COLUMNNAME,DISPLAYNAME,DATATYPE,DATASIZE,ALLOWNULL,DEFAULTVALUE,COLUMNCOMMENT,MAPPINGCOLUMN) values ('sys-scim-im','active','사용 여부',null,0,0,null,null,null);
Insert into SCIM_SYSTEM_COLUMN (SYSTEMID,COLUMNNAME,DISPLAYNAME,DATATYPE,DATASIZE,ALLOWNULL,DEFAULTVALUE,COLUMNCOMMENT,MAPPINGCOLUMN) values ('sys-scim-hr','UR_Code','사용자 아이디',null,0,0,null,null,'userId');
Insert into SCIM_SYSTEM_COLUMN (SYSTEMID,COLUMNNAME,DISPLAYNAME,DATATYPE,DATASIZE,ALLOWNULL,DEFAULTVALUE,COLUMNCOMMENT,MAPPINGCOLUMN) values ('sys-scim-hr','GR_Code','회사 코드',null,0,0,null,null,'organization');
Insert into SCIM_SYSTEM_COLUMN (SYSTEMID,COLUMNNAME,DISPLAYNAME,DATATYPE,DATASIZE,ALLOWNULL,DEFAULTVALUE,COLUMNCOMMENT,MAPPINGCOLUMN) values ('sys-scim-hr','EmpNo','사원 번호',null,0,0,null,null,'employeeNumber');
Insert into SCIM_SYSTEM_COLUMN (SYSTEMID,COLUMNNAME,DISPLAYNAME,DATATYPE,DATASIZE,ALLOWNULL,DEFAULTVALUE,COLUMNCOMMENT,MAPPINGCOLUMN) values ('sys-scim-hr','DisplayName','사용자 이름',null,0,0,null,null,'userName');
Insert into SCIM_SYSTEM_COLUMN (SYSTEMID,COLUMNNAME,DISPLAYNAME,DATATYPE,DATASIZE,ALLOWNULL,DEFAULTVALUE,COLUMNCOMMENT,MAPPINGCOLUMN) values ('sys-scim-hr','ExGroupName','그룹 이름',null,0,0,null,null,'division');
Insert into SCIM_SYSTEM_COLUMN (SYSTEMID,COLUMNNAME,DISPLAYNAME,DATATYPE,DATASIZE,ALLOWNULL,DEFAULTVALUE,COLUMNCOMMENT,MAPPINGCOLUMN) values ('sys-scim-hr','JobPositionCode','직위 코드',null,0,0,null,null,'positionCode');
Insert into SCIM_SYSTEM_COLUMN (SYSTEMID,COLUMNNAME,DISPLAYNAME,DATATYPE,DATASIZE,ALLOWNULL,DEFAULTVALUE,COLUMNCOMMENT,MAPPINGCOLUMN) values ('sys-scim-hr','ExJobPositionName','직위 명칭',null,0,0,null,null,'position');
Insert into SCIM_SYSTEM_COLUMN (SYSTEMID,COLUMNNAME,DISPLAYNAME,DATATYPE,DATASIZE,ALLOWNULL,DEFAULTVALUE,COLUMNCOMMENT,MAPPINGCOLUMN) values ('sys-scim-hr','JobTitleCode','직책 코드',null,0,0,null,null,'jobcode');
Insert into SCIM_SYSTEM_COLUMN (SYSTEMID,COLUMNNAME,DISPLAYNAME,DATATYPE,DATASIZE,ALLOWNULL,DEFAULTVALUE,COLUMNCOMMENT,MAPPINGCOLUMN) values ('sys-scim-hr','ExJobTitleName','직책 명칭',null,0,0,null,null,'job');
Insert into SCIM_SYSTEM_COLUMN (SYSTEMID,COLUMNNAME,DISPLAYNAME,DATATYPE,DATASIZE,ALLOWNULL,DEFAULTVALUE,COLUMNCOMMENT,MAPPINGCOLUMN) values ('sys-scim-hr','JobLevelCode','직급 코드',null,0,0,null,null,'rankCode');
Insert into SCIM_SYSTEM_COLUMN (SYSTEMID,COLUMNNAME,DISPLAYNAME,DATATYPE,DATASIZE,ALLOWNULL,DEFAULTVALUE,COLUMNCOMMENT,MAPPINGCOLUMN) values ('sys-scim-hr','ExJobLevelName','직급 명칭',null,0,0,null,null,'rank');
Insert into SCIM_SYSTEM_COLUMN (SYSTEMID,COLUMNNAME,DISPLAYNAME,DATATYPE,DATASIZE,ALLOWNULL,DEFAULTVALUE,COLUMNCOMMENT,MAPPINGCOLUMN) values ('sys-scim-hr','IsUse','사용 여부',null,0,0,null,null,'active');
Insert into SCIM_SYSTEM_COLUMN (SYSTEMID,COLUMNNAME,DISPLAYNAME,DATATYPE,DATASIZE,ALLOWNULL,DEFAULTVALUE,COLUMNCOMMENT,MAPPINGCOLUMN) values ('sys-scim-hr','Ex_PrimaryMail','이메일',null,0,0,null,null,'eMail');
Insert into SCIM_SYSTEM_COLUMN (SYSTEMID,COLUMNNAME,DISPLAYNAME,DATATYPE,DATASIZE,ALLOWNULL,DEFAULTVALUE,COLUMNCOMMENT,MAPPINGCOLUMN) values ('sys-scim-hr','EnterDate','입사 일자',null,0,0,null,null,'joinDate');
Insert into SCIM_SYSTEM_COLUMN (SYSTEMID,COLUMNNAME,DISPLAYNAME,DATATYPE,DATASIZE,ALLOWNULL,DEFAULTVALUE,COLUMNCOMMENT,MAPPINGCOLUMN) values ('sys-scim-hr','RetireDate','퇴직 일자',null,0,0,null,null,'retireDate');
Insert into SCIM_SYSTEM_COLUMN (SYSTEMID,COLUMNNAME,DISPLAYNAME,DATATYPE,DATASIZE,ALLOWNULL,DEFAULTVALUE,COLUMNCOMMENT,MAPPINGCOLUMN) values ('sys-scim-hr','RegistDate','등록 일자',null,0,0,null,null,'createDate');
Insert into SCIM_SYSTEM_COLUMN (SYSTEMID,COLUMNNAME,DISPLAYNAME,DATATYPE,DATASIZE,ALLOWNULL,DEFAULTVALUE,COLUMNCOMMENT,MAPPINGCOLUMN) values ('sys-scim-hr','ModifyDate','변경 일자',null,0,0,null,null,'modifyDate');
Insert into SCIM_SYSTEM_COLUMN (SYSTEMID,COLUMNNAME,DISPLAYNAME,DATATYPE,DATASIZE,ALLOWNULL,DEFAULTVALUE,COLUMNCOMMENT,MAPPINGCOLUMN) values ('sys-scim-sso','ID','사용자 아이디',null,0,0,null,null,'userId');
Insert into SCIM_SYSTEM_COLUMN (SYSTEMID,COLUMNNAME,DISPLAYNAME,DATATYPE,DATASIZE,ALLOWNULL,DEFAULTVALUE,COLUMNCOMMENT,MAPPINGCOLUMN) values ('sys-scim-sso','DIV_ID','회사 아이디',null,0,0,null,null,'organization');
Insert into SCIM_SYSTEM_COLUMN (SYSTEMID,COLUMNNAME,DISPLAYNAME,DATATYPE,DATASIZE,ALLOWNULL,DEFAULTVALUE,COLUMNCOMMENT,MAPPINGCOLUMN) values ('sys-scim-sso','ORG_ID','그룹 아이디',null,0,0,null,null,'division');
Insert into SCIM_SYSTEM_COLUMN (SYSTEMID,COLUMNNAME,DISPLAYNAME,DATATYPE,DATASIZE,ALLOWNULL,DEFAULTVALUE,COLUMNCOMMENT,MAPPINGCOLUMN) values ('sys-scim-sso','PATH_ID','조직도',null,0,0,null,null,'department');
Insert into SCIM_SYSTEM_COLUMN (SYSTEMID,COLUMNNAME,DISPLAYNAME,DATATYPE,DATASIZE,ALLOWNULL,DEFAULTVALUE,COLUMNCOMMENT,MAPPINGCOLUMN) values ('sys-scim-sso','NAME','사용자 이름',null,0,0,null,null,'userName');
Insert into SCIM_SYSTEM_COLUMN (SYSTEMID,COLUMNNAME,DISPLAYNAME,DATATYPE,DATASIZE,ALLOWNULL,DEFAULTVALUE,COLUMNCOMMENT,MAPPINGCOLUMN) values ('sys-scim-sso','DISABLED','사용여부',null,0,0,null,null,'active');
Insert into SCIM_SYSTEM_COLUMN (SYSTEMID,COLUMNNAME,DISPLAYNAME,DATATYPE,DATASIZE,ALLOWNULL,DEFAULTVALUE,COLUMNCOMMENT,MAPPINGCOLUMN) values ('sys-scim-sso','IsUse','사용 여부',null,0,0,null,null,'active');
Insert into SCIM_SYSTEM_COLUMN (SYSTEMID,COLUMNNAME,DISPLAYNAME,DATATYPE,DATASIZE,ALLOWNULL,DEFAULTVALUE,COLUMNCOMMENT,MAPPINGCOLUMN) values ('sys-scim-sso','EMAIL','이메일',null,0,0,null,null,'eMail');
Insert into SCIM_SYSTEM_COLUMN (SYSTEMID,COLUMNNAME,DISPLAYNAME,DATATYPE,DATASIZE,ALLOWNULL,DEFAULTVALUE,COLUMNCOMMENT,MAPPINGCOLUMN) values ('sys-scim-sso','LAST_LOGON_TIME','최종 로그인 시간',null,0,0,null,null,'lastAccessDate');
Insert into SCIM_SYSTEM_COLUMN (SYSTEMID,COLUMNNAME,DISPLAYNAME,DATATYPE,DATASIZE,ALLOWNULL,DEFAULTVALUE,COLUMNCOMMENT,MAPPINGCOLUMN) values ('sys-scim-sso','CREATE_TIME','등록 일자',null,0,0,null,null,'createDate');
Insert into SCIM_SYSTEM_COLUMN (SYSTEMID,COLUMNNAME,DISPLAYNAME,DATATYPE,DATASIZE,ALLOWNULL,DEFAULTVALUE,COLUMNCOMMENT,MAPPINGCOLUMN) values ('sys-scim-sso','MODIFY_TIME','변경 일자',null,0,0,null,null,'modifyDate');
Insert into SCIM_SYSTEM_COLUMN (SYSTEMID,COLUMNNAME,DISPLAYNAME,DATATYPE,DATASIZE,ALLOWNULL,DEFAULTVALUE,COLUMNCOMMENT,MAPPINGCOLUMN) values ('sys-scim-gw','User_ID','사용자 아이디',null,null,1,null,null,'userId');
Insert into SCIM_SYSTEM_COLUMN (SYSTEMID,COLUMNNAME,DISPLAYNAME,DATATYPE,DATASIZE,ALLOWNULL,DEFAULTVALUE,COLUMNCOMMENT,MAPPINGCOLUMN) values ('sys-scim-gw','User_NAME','사용자 이름',null,null,1,null,null,'userName');
Insert into SCIM_SYSTEM_COLUMN (SYSTEMID,COLUMNNAME,DISPLAYNAME,DATATYPE,DATASIZE,ALLOWNULL,DEFAULTVALUE,COLUMNCOMMENT,MAPPINGCOLUMN) values ('sys-scim-gw','USER_ORG','사용자 부서',null,null,1,null,null,'department');
Insert into SCIM_SYSTEM_COLUMN (SYSTEMID,COLUMNNAME,DISPLAYNAME,DATATYPE,DATASIZE,ALLOWNULL,DEFAULTVALUE,COLUMNCOMMENT,MAPPINGCOLUMN) values ('sys-scim-gw','USER_POS','사용자 직위',null,null,1,null,null,'position');
Insert into SCIM_SYSTEM_COLUMN (SYSTEMID,COLUMNNAME,DISPLAYNAME,DATATYPE,DATASIZE,ALLOWNULL,DEFAULTVALUE,COLUMNCOMMENT,MAPPINGCOLUMN) values ('sys-scim-gw','STATE','사용자 상태',null,null,1,null,null,'active');
Insert into SCIM_SYSTEM_COLUMN (SYSTEMID,COLUMNNAME,DISPLAYNAME,DATATYPE,DATASIZE,ALLOWNULL,DEFAULTVALUE,COLUMNCOMMENT,MAPPINGCOLUMN) values ('sys-scim-gw','REGIST_DATE','사용자 들록일',null,null,1,null,null,'createDate');
Insert into SCIM_SYSTEM_COLUMN (SYSTEMID,COLUMNNAME,DISPLAYNAME,DATATYPE,DATASIZE,ALLOWNULL,DEFAULTVALUE,COLUMNCOMMENT,MAPPINGCOLUMN) values ('sys-scim-gw','MODIFY_DATE','사용자 변경일상',null,null,1,null,null,'modifyDate');


--------------------------------------------------------
--  DDL for Index PK_SCIM_ADMIN
--------------------------------------------------------

  CREATE UNIQUE INDEX "PK_SCIM_ADMIN" ON "SCIM_ADMIN" ("ADMINID") 
  ;
--------------------------------------------------------
--  Constraints for Table SCIM_ADMIN
--------------------------------------------------------

  ALTER TABLE "SCIM_ADMIN" ADD CONSTRAINT "PK_SCIM_ADMIN" PRIMARY KEY ("ADMINID") ENABLE;
--------------------------------------------------------
--  Constraints for Table SCIM_SYSTEM
--------------------------------------------------------

  ALTER TABLE "SCIM_SYSTEM" MODIFY ("SYSTEMTYPE" NOT NULL ENABLE);
  ALTER TABLE "SCIM_SYSTEM" MODIFY ("SYSTEMID" NOT NULL ENABLE);
--------------------------------------------------------
--  Constraints for Table SCIM_SYSTEM_DATA_DEFINITION
--------------------------------------------------------

  ALTER TABLE "SCIM_SYSTEM_DATA_DEFINITION" MODIFY ("SYSTEMID" NOT NULL ENABLE);
--------------------------------------------------------
--  Constraints for Table SCIM_SYSTEM_USER
--------------------------------------------------------

  ALTER TABLE "SCIM_SYSTEM_USER" MODIFY ("USERID" NOT NULL ENABLE);
  ALTER TABLE "SCIM_SYSTEM_USER" MODIFY ("SYSTEMID" NOT NULL ENABLE);
--------------------------------------------------------
--  Constraints for Table SCIM_USER
--------------------------------------------------------

  ALTER TABLE "SCIM_USER" MODIFY ("USERID" NOT NULL ENABLE);
